company_name,project,run_id,run_path,username,created_at,ended_at,processed_at,logged_at,state,gpu_name,gpu_count,duration_hour,average_gpu_utilization,max_gpu_utilization,average_gpu_memory,max_gpu_memory
llm-jp-eval,llm-jp-eval-v1.2.0,z3rq3ba7,llm-jp-eval/llm-jp-eval-v1.2.0/z3rq3ba7,hng88,2024-01-23T20:24:04.000000,2024-01-24T00:28:39.098281,2024-01-24T00:28:39.098281,2024-01-24T00:28:39.098281,running,NVIDIA A100-SXM4-40GB,4,4.076416189166667,58.83703056768559,100.0,30.618458515283844,61.27
llm-jp-eval,llm-jp-eval-v1.2.0,wt8m6dxi,llm-jp-eval/llm-jp-eval-v1.2.0/wt8m6dxi,hng88,2024-01-24T00:26:12.000000,2024-01-24T00:28:39.098281,2024-01-24T00:28:39.098281,2024-01-24T00:28:39.098281,running,NVIDIA A100-SXM4-40GB,4,0.0408606336111111,24.783,99.53,12.3435,49.73
llm-jp-eval,llm-jp-eval-v1.2.0,mkag0dm0,llm-jp-eval/llm-jp-eval-v1.2.0/mkag0dm0,hng88,2024-01-23T00:01:29.000000,2024-01-24T00:23:23.000000,2024-01-24T00:28:39.098281,2024-01-24T00:28:39.098281,finished,NVIDIA A100-SXM4-40GB,4,24.365,79.35161165048545,100.0,47.412337864077664,72.67
wandb-japan,llm-leaderboard,3t0h5hwu,wandb-japan/llm-leaderboard/3t0h5hwu,yuya-yamamoto,2024-01-23T20:12:10.000000,2024-01-23T20:49:13.000000,2024-01-24T00:28:39.098281,2024-01-24T00:28:39.098281,failed,NVIDIA TITAN RTX,1,0.6174999999999999,0.0,0.0,0.0,0.0
llm-jp-eval,llm-jp-eval-v1.2.0,7wuzcuj8,llm-jp-eval/llm-jp-eval-v1.2.0/7wuzcuj8,hng88,2024-01-23T12:57:18.000000,2024-01-23T20:21:09.000000,2024-01-24T00:28:39.098281,2024-01-24T00:28:39.098281,finished,NVIDIA A100-SXM4-40GB,4,7.3975,68.4915912087912,100.0,39.84595164835165,64.13
wandb-japan,llm-leaderboard,jk4fc7ar,wandb-japan/llm-leaderboard/jk4fc7ar,yuya-yamamoto,2024-01-23T19:53:45.000000,2024-01-23T20:11:01.000000,2024-01-24T00:28:39.098281,2024-01-24T00:28:39.098281,finished,NVIDIA TITAN RTX,1,0.2877777777777777,40.80176470588236,98.07,38.49235294117647,99.2
wandb-japan,llm-leaderboard,rtc7s93s,wandb-japan/llm-leaderboard/rtc7s93s,yuya-yamamoto,2024-01-23T19:48:26.000000,2024-01-23T19:48:27.000000,2024-01-24T00:28:39.098281,2024-01-24T00:28:39.098281,failed,NVIDIA TITAN RTX,1,0.0002777777777777,,,,
wandb-japan,llm-leaderboard,de3xkyup,wandb-japan/llm-leaderboard/de3xkyup,yuya-yamamoto,2024-01-23T19:30:24.000000,2024-01-23T19:45:51.000000,2024-01-24T00:28:39.098281,2024-01-24T00:28:39.098281,finished,NVIDIA TITAN RTX,1,0.2575,45.06032258064516,98.67,41.76516129032259,99.67
wandb-japan,llm-leaderboard,boli0qm3,wandb-japan/llm-leaderboard/boli0qm3,yuya-yamamoto,2024-01-23T19:20:43.000000,2024-01-23T19:29:26.000000,2024-01-24T00:28:39.098281,2024-01-24T00:28:39.098281,killed,NVIDIA TITAN RTX,1,0.1452777777777777,81.66823529411765,98.13,76.36529411764707,98.67
wandb-japan,llm-leaderboard,0z8256zo,wandb-japan/llm-leaderboard/0z8256zo,yuya-yamamoto,2024-01-23T18:54:30.000000,2024-01-23T19:11:29.000000,2024-01-24T00:28:39.098281,2024-01-24T00:28:39.098281,finished,NVIDIA TITAN RTX,1,0.2830555555555555,40.794411764705885,98.33,38.21382352941176,100.0
wandb-japan,llm-leaderboard,id3c1qzd,wandb-japan/llm-leaderboard/id3c1qzd,yuya-yamamoto,2024-01-23T18:28:36.000000,2024-01-23T18:42:31.000000,2024-01-24T00:28:39.098281,2024-01-24T00:28:39.098281,killed,NVIDIA TITAN RTX,1,0.2319444444444444,51.48037037037037,98.33,48.43407407407408,100.0
wandb-japan,llm-leaderboard,wa4bukmr,wandb-japan/llm-leaderboard/wa4bukmr,yuya-yamamoto,2024-01-23T17:31:30.000000,2024-01-23T17:49:11.000000,2024-01-24T00:28:39.098281,2024-01-24T00:28:39.098281,finished,NVIDIA TITAN RTX,1,0.2947222222222222,39.78457142857143,98.33,37.510571428571424,98.73
wandb-japan,llm-leaderboard,3u6zd2s2,wandb-japan/llm-leaderboard/3u6zd2s2,yuya-yamamoto,2024-01-23T16:59:23.000000,2024-01-23T17:17:23.000000,2024-01-24T00:28:39.098281,2024-01-24T00:28:39.098281,finished,NVIDIA TITAN RTX,1,0.3,37.61972972972973,98.33,34.36783783783783,99.47
wandb-japan,llm-leaderboard,tr1qo7zl,wandb-japan/llm-leaderboard/tr1qo7zl,yuya-yamamoto,2024-01-23T16:58:51.000000,2024-01-23T16:58:59.000000,2024-01-24T00:28:39.098281,2024-01-24T00:28:39.098281,killed,NVIDIA TITAN RTX,1,0.0022222222222222,,,,
wandb-japan,llm-leaderboard,eqnhphy6,wandb-japan/llm-leaderboard/eqnhphy6,yuya-yamamoto,2024-01-23T16:57:41.000000,2024-01-23T16:58:16.000000,2024-01-24T00:28:39.098281,2024-01-24T00:28:39.098281,killed,NVIDIA TITAN RTX,1,0.0097222222222222,50.47,50.47,18.27,18.27
wandb-japan,llm-leaderboard,xxgrnut2,wandb-japan/llm-leaderboard/xxgrnut2,yuya-yamamoto,2024-01-23T16:28:13.000000,2024-01-23T16:46:02.000000,2024-01-24T00:28:39.098281,2024-01-24T00:28:39.098281,finished,NVIDIA TITAN RTX,1,0.2969444444444444,39.632,98.73,37.27828571428571,100.0
llm-jp-eval,llm-jp-eval-v1.2.0,2ijlvfrk,llm-jp-eval/llm-jp-eval-v1.2.0/2ijlvfrk,hng88,2024-01-23T13:10:57.000000,2024-01-23T16:31:54.000000,2024-01-24T00:28:39.098281,2024-01-24T00:28:39.098281,finished,NVIDIA A100-SXM4-40GB,4,3.349166666666666,76.39600512820513,100.0,44.84670256410256,62.67
wandb-japan,llm-leaderboard,ocxlpths,wandb-japan/llm-leaderboard/ocxlpths,yuya-yamamoto,2024-01-23T13:27:20.000000,2024-01-23T13:44:53.000000,2024-01-23T15:00:00.000000,2024-01-24T08:12:46.071401,finished,NVIDIA TITAN RTX,1,0.29250000000000004,40.00885714285714,98.53,37.28771428571429,99.4
llm-jp-eval,llm-jp-eval-v1.2.0,8xzzgpx5,llm-jp-eval/llm-jp-eval-v1.2.0/8xzzgpx5,hng88,2024-01-23T10:36:13.000000,2024-01-23T13:10:26.000000,2024-01-23T15:00:00.000000,2024-01-24T08:12:46.071401,finished,NVIDIA A100-SXM4-40GB,4,2.5702777777777777,82.043963099631,100.0,49.267653136531365,70.6
llm-jp-eval,llm-jp-eval-v1.2.0,k93rs3ut,llm-jp-eval/llm-jp-eval-v1.2.0/k93rs3ut,hng88,2024-01-23T09:28:46.000000,2024-01-23T12:54:26.000000,2024-01-23T15:00:00.000000,2024-01-24T08:12:46.071401,finished,NVIDIA A100-SXM4-40GB,4,3.4277777777777776,85.15831999999999,100.0,51.34044266666667,70.8
llm-jp-eval,llm-jp-eval-v1.2.0,iit76ngn,llm-jp-eval/llm-jp-eval-v1.2.0/iit76ngn,hng88,2024-01-23T06:34:53.000000,2024-01-23T11:47:09.000000,2024-01-23T15:00:00.000000,2024-01-24T08:12:46.071401,finished,NVIDIA A100-SXM4-40GB,4,5.204444444444444,91.3750407239819,100.0,57.655425339366516,72.2
llm-jp-eval,llm-jp-eval-v1.2.0,hwctq2sq,llm-jp-eval/llm-jp-eval-v1.2.0/hwctq2sq,hng88,2024-01-23T08:20:50.000000,2024-01-23T10:33:28.000000,2024-01-23T15:00:00.000000,2024-01-24T08:12:46.071401,finished,NVIDIA A100-SXM4-40GB,4,2.2105555555555556,91.44341078838174,100.0,55.78189211618257,71.87
llm-jp-eval,llm-jp-eval-v1.2.0,u0goerog,llm-jp-eval/llm-jp-eval-v1.2.0/u0goerog,hng88,2024-01-23T06:25:42.000000,2024-01-23T09:25:58.000000,2024-01-23T15:00:00.000000,2024-01-24T08:12:46.071401,finished,NVIDIA A100-SXM4-40GB,4,3.0044444444444447,86.85652352941177,100.0,53.70982941176471,72.73
llm-jp-eval,llm-jp-eval-v1.2.0,llezkr39,llm-jp-eval/llm-jp-eval-v1.2.0/llezkr39,hng88,2024-01-23T06:29:30.000000,2024-01-23T08:18:01.000000,2024-01-23T15:00:00.000000,2024-01-24T08:12:46.071401,finished,NVIDIA A100-SXM4-40GB,4,1.8086111111111112,87.5594685990338,100.0,55.02047342995169,72.6
wandb-japan,llm-finetuning,3e15qgaf,wandb-japan/llm-finetuning/3e15qgaf,keisuke-kamata,2024-01-23T01:25:42.000000,2024-01-23T06:41:29.000000,2024-01-23T15:00:00.000000,2024-01-24T08:12:46.071401,failed,NVIDIA GeForce RTX 4090,1,5.263055555555556,98.28664015904572,99.0,74.99713717693837,78.47
llm-jp-eval,llm-jp-eval-v1.2.0,3a2wx9ux,llm-jp-eval/llm-jp-eval-v1.2.0/3a2wx9ux,hng88,2024-01-23T02:02:06.000000,2024-01-23T06:34:22.000000,2024-01-23T15:00:00.000000,2024-01-24T08:12:46.071401,finished,NVIDIA A100-SXM4-40GB,4,4.5377777777777775,95.01730721649483,100.0,62.28650309278351,71.8
llm-jp-eval,llm-jp-eval-v1.2.0,7yec6z6n,llm-jp-eval/llm-jp-eval-v1.2.0/7yec6z6n,hng88,2024-01-23T01:47:59.000000,2024-01-23T06:29:00.000000,2024-01-23T15:00:00.000000,2024-01-24T08:12:46.071401,finished,NVIDIA A100-SXM4-40GB,4,4.6836111111111105,94.83307822410147,100.0,62.07980972515856,71.87
llm-jp-eval,llm-jp-eval-v1.2.0,l59ke9sv,llm-jp-eval/llm-jp-eval-v1.2.0/l59ke9sv,hng88,2024-01-23T03:02:32.000000,2024-01-23T06:22:49.000000,2024-01-23T15:00:00.000000,2024-01-24T08:12:46.071401,finished,NVIDIA A100-SXM4-40GB,4,3.3380555555555556,95.38579328165375,100.0,61.26985012919897,71.87
wandb-japan,llm-finetuning,qiwkg9gg,wandb-japan/llm-finetuning/qiwkg9gg,keisuke-kamata,2024-01-23T04:58:09.000000,2024-01-23T05:12:20.000000,2024-01-23T15:00:00.000000,2024-01-24T08:12:46.071401,finished,NVIDIA A100-PCIE-40GB,1,0.2363888888888889,78.43499999999999,94.93,45.07464285714286,55.87
wandb-japan,llm-finetuning,ddpnytwd,wandb-japan/llm-finetuning/ddpnytwd,keisuke-kamata,2024-01-23T04:57:55.000000,2024-01-23T04:57:55.000000,2024-01-23T15:00:00.000000,2024-01-24T08:12:46.071401,crashed,NVIDIA A100-PCIE-40GB,1,0.0,20.10266055045871,95.67,11.554587155963302,55.93
llm-jp-eval,llm-jp-eval-v1.2.0,zacodrfl,llm-jp-eval/llm-jp-eval-v1.2.0/zacodrfl,hng88,2024-01-23T00:01:29.000000,2024-01-23T03:01:33.000000,2024-01-23T15:00:00.000000,2024-01-24T08:12:46.071401,finished,NVIDIA A100-SXM4-40GB,4,3.001111111111111,88.73938681948425,100.0,55.0160229226361,72.33
llm-jp-eval,llm-jp-eval-v1.2.0,biqx9kvq,llm-jp-eval/llm-jp-eval-v1.2.0/biqx9kvq,hng88,2024-01-22T22:55:31.000000,2024-01-23T02:01:34.000000,2024-01-23T15:00:00.000000,2024-01-24T08:12:46.071401,finished,NVIDIA A100-SXM4-40GB,4,3.1008333333333336,75.91684764542937,100.0,46.78441551246537,72.8
llm-jp-eval,llm-jp-eval-v1.2.0,19es0uu9,llm-jp-eval/llm-jp-eval-v1.2.0/19es0uu9,hng88,2024-01-22T21:35:47.000000,2024-01-23T01:45:20.000000,2024-01-23T15:00:00.000000,2024-01-24T08:12:46.071401,finished,NVIDIA A100-SXM4-40GB,4,4.159166666666667,71.68173186813186,100.0,45.783758241758235,72.73
wandb-japan,llm-finetuning,zumjvmda,wandb-japan/llm-finetuning/zumjvmda,keisuke-kamata,2024-01-23T00:54:47.000000,2024-01-23T00:54:47.000000,2024-01-23T15:00:00.000000,2024-01-24T08:12:46.071401,finished,NVIDIA GeForce RTX 4090,1,0.0,,,,
llm-jp-eval,llm-jp-eval-v1.2.0,n16qavqa,llm-jp-eval/llm-jp-eval-v1.2.0/n16qavqa,hng88,2024-01-22T20:20:06.000000,2024-01-22T22:52:49.000000,2024-01-23T15:00:00.000000,2024-01-24T08:12:46.071401,finished,NVIDIA A100-SXM4-40GB,4,2.5452777777777778,51.214621621621625,98.8,31.97187837837838,71.0
llm-jp-eval,llm-jp-eval-v1.2.0,1o8wmfji,llm-jp-eval/llm-jp-eval-v1.2.0/1o8wmfji,hng88,2024-01-22T16:13:03.000000,2024-01-22T21:32:58.000000,2024-01-23T15:00:00.000000,2024-01-24T08:12:46.071401,finished,NVIDIA A100-SXM4-40GB,4,5.331944444444445,64.88531404958678,98.73,43.22721487603305,72.87
llm-jp-eval,llm-jp-eval-v1.2.0,77u60dcy,llm-jp-eval/llm-jp-eval-v1.2.0/77u60dcy,hng88,2024-01-22T17:29:08.000000,2024-01-22T20:17:18.000000,2024-01-23T15:00:00.000000,2024-01-24T08:12:46.071401,finished,NVIDIA A100-SXM4-40GB,4,2.8027777777777776,57.83251851851851,98.73,37.42944444444444,72.8
llm-jp-eval,llm-jp-eval-v1.2.0,31ta2cdn,llm-jp-eval/llm-jp-eval-v1.2.0/31ta2cdn,hng88,2024-01-22T16:37:20.000000,2024-01-22T17:48:18.000000,2024-01-23T15:00:00.000000,2024-01-24T08:12:46.071401,finished,NVIDIA A100-SXM4-40GB,4,1.1827777777777777,88.85687619047619,98.73,56.21409523809524,72.87
llm-jp-eval,llm-jp-eval-v1.2.0,ilhxsf8s,llm-jp-eval/llm-jp-eval-v1.2.0/ilhxsf8s,hng88,2024-01-22T13:21:24.000000,2024-01-22T17:46:02.000000,2024-01-23T15:00:00.000000,2024-01-24T08:12:46.071401,finished,NVIDIA A100-SXM4-40GB,4,4.410555555555556,76.97602105263158,98.8,51.70756631578947,75.2
llm-jp-eval,llm-jp-eval-v1.2.0,rgg828tm,llm-jp-eval/llm-jp-eval-v1.2.0/rgg828tm,hng88,2024-01-22T14:28:21.000000,2024-01-22T17:28:19.000000,2024-01-23T15:00:00.000000,2024-01-24T08:12:46.071401,finished,NVIDIA A100-SXM4-40GB,4,2.9994444444444444,76.97973988439307,98.73,49.68008670520231,75.33
llm-jp-eval,llm-jp-eval-v1.2.0,j4wpuw8l,llm-jp-eval/llm-jp-eval-v1.2.0/j4wpuw8l,hng88,2024-01-22T13:11:55.000000,2024-01-22T16:36:38.000000,2024-01-23T15:00:00.000000,2024-01-24T08:12:46.071401,finished,NVIDIA A100-SXM4-40GB,4,3.4119444444444444,72.99044568245125,98.2,47.532412256267406,75.27
wandb-japan,llm-finetuning,63lga4nz,wandb-japan/llm-finetuning/63lga4nz,keisuke-kamata,2024-01-22T15:47:30.000000,2024-01-22T15:48:37.000000,2024-01-23T15:00:00.000000,2024-01-24T08:12:46.071401,finished,NVIDIA GeForce RTX 4090,1,0.018611111111111113,50.035,63.6,29.200000000000003,37.27
llm-jp-eval,llm-jp-eval-v1.2.0,qmnwi9jg,llm-jp-eval/llm-jp-eval-v1.2.0/qmnwi9jg,hng88,2024-01-22T11:50:46.000000,2024-01-22T14:25:48.000000,2024-01-22T15:00:00.000000,2024-01-24T04:58:41.123570,finished,NVIDIA A100-SXM4-40GB,4,2.5838888888888887,77.56697643097642,98.2,51.19074747474748,72.2
llm-jp-eval,llm-jp-eval-v1.2.0,siulvmvb,llm-jp-eval/llm-jp-eval-v1.2.0/siulvmvb,hng88,2024-01-22T11:16:50.000000,2024-01-22T13:20:51.000000,2024-01-22T15:00:00.000000,2024-01-24T04:58:41.123570,finished,NVIDIA A100-SXM4-40GB,4,2.0669444444444443,82.906825,99.07,53.2781,72.73
llm-jp-eval,llm-jp-eval-v1.2.0,zdznlcfl,llm-jp-eval/llm-jp-eval-v1.2.0/zdznlcfl,hng88,2024-01-22T11:48:18.000000,2024-01-22T13:08:56.000000,2024-01-22T15:00:00.000000,2024-01-24T04:58:41.123570,finished,NVIDIA A100-SXM4-40GB,4,1.343888888888889,86.46040789473685,98.13,54.78715789473684,71.27
llm-jp-eval,llm-jp-eval-v1.2.0,8b29ncyh,llm-jp-eval/llm-jp-eval-v1.2.0/8b29ncyh,hng88,2024-01-22T11:19:15.000000,2024-01-22T12:44:46.000000,2024-01-22T15:00:00.000000,2024-01-24T04:58:41.123570,finished,NVIDIA A100-SXM4-40GB,4,1.425277777777778,92.02939622641507,99.0,57.272754716981126,72.73
llm-jp-eval,llm-jp-eval-v1.2.0,2cu65wrb,llm-jp-eval/llm-jp-eval-v1.2.0/2cu65wrb,hng88,2024-01-22T07:22:01.000000,2024-01-22T11:50:15.000000,2024-01-22T15:00:00.000000,2024-01-24T04:58:41.123570,finished,NVIDIA A100-SXM4-40GB,4,4.470555555555555,93.21494957983194,99.07,63.63210504201682,75.0
llm-jp-eval,llm-jp-eval-v1.2.0,ktxdgwav,llm-jp-eval/llm-jp-eval-v1.2.0/ktxdgwav,hng88,2024-01-22T06:43:19.000000,2024-01-22T11:47:44.000000,2024-01-22T15:00:00.000000,2024-01-24T04:58:41.123570,finished,NVIDIA A100-SXM4-40GB,4,5.073611111111111,92.33312808988764,99.07,62.6984584269663,74.93
llm-jp-eval,llm-jp-eval-v1.2.0,ogd35i6f,llm-jp-eval/llm-jp-eval-v1.2.0/ogd35i6f,hng88,2024-01-22T09:57:24.000000,2024-01-22T11:18:40.000000,2024-01-22T15:00:00.000000,2024-01-24T04:58:41.123570,finished,NVIDIA A100-SXM4-40GB,4,1.3544444444444443,92.01268387096776,99.07,61.39619354838709,72.4
llm-jp-eval,llm-jp-eval-v1.2.0,lh6usiia,llm-jp-eval/llm-jp-eval-v1.2.0/lh6usiia,hng88,2024-01-22T06:37:14.000000,2024-01-22T11:13:58.000000,2024-01-22T15:00:00.000000,2024-01-24T04:58:41.123570,finished,NVIDIA A100-SXM4-40GB,4,4.612222222222223,87.50261075268817,99.0,59.05625806451612,75.07
llm-jp-eval,llm-jp-eval-v1.2.0,u2vk9j8x,llm-jp-eval/llm-jp-eval-v1.2.0/u2vk9j8x,hng88,2024-01-22T06:23:54.000000,2024-01-22T09:54:20.000000,2024-01-22T15:00:00.000000,2024-01-24T04:58:41.123570,finished,NVIDIA A100-SXM4-40GB,4,3.5072222222222225,81.82472544080605,99.13,53.37264987405542,75.07
llm-jp-eval,llm-jp-eval-v1.2.0,3vgf50z0,llm-jp-eval/llm-jp-eval-v1.2.0/3vgf50z0,hng88,2024-01-22T03:57:19.000000,2024-01-22T06:16:53.000000,2024-01-22T15:00:00.000000,2024-01-24T04:58:41.123570,finished,NVIDIA A100-SXM4-40GB,4,2.326111111111111,35.22369465648855,91.67,27.309419847328243,75.87
llm-jp-eval,llm-jp-eval-v1.2.0,3bed06dg,llm-jp-eval/llm-jp-eval-v1.2.0/3bed06dg,hng88,2024-01-21T22:20:36.000000,2024-01-22T01:37:17.000000,2024-01-22T15:00:00.000000,2024-01-24T04:58:41.123570,finished,NVIDIA A100-SXM4-40GB,4,3.2780555555555555,36.57691733333333,97.2,22.376554666666667,61.47
llm-jp-eval,llm-jp-eval-v1.2.0,w3i5nsgg,llm-jp-eval/llm-jp-eval-v1.2.0/w3i5nsgg,hng88,2024-01-21T19:01:56.000000,2024-01-21T22:17:46.000000,2024-01-22T15:00:00.000000,2024-01-24T04:58:41.123570,finished,NVIDIA A100-SXM4-40GB,4,3.263888888888889,52.36788795518207,96.13,30.94957422969188,75.8
llm-jp-eval,llm-jp-eval-v1.2.0,49basi79,llm-jp-eval/llm-jp-eval-v1.2.0/49basi79,hng88,2024-01-21T20:40:03.000000,2024-01-21T21:39:23.000000,2024-01-22T15:00:00.000000,2024-01-24T04:58:41.123570,finished,NVIDIA A100-SXM4-40GB,4,0.9888888888888888,57.19777391304348,94.4,36.36674782608696,74.0
llm-jp-eval,llm-jp-eval-v1.2.0,tuy5muix,llm-jp-eval/llm-jp-eval-v1.2.0/tuy5muix,hng88,2024-01-21T19:03:04.000000,2024-01-21T21:09:37.000000,2024-01-22T15:00:00.000000,2024-01-24T04:58:41.123570,finished,NVIDIA A100-SXM4-40GB,4,2.1091666666666664,47.41111382113821,92.33,25.17977235772357,75.87
llm-jp-eval,llm-jp-eval-v1.2.0,ri1u1lpu,llm-jp-eval/llm-jp-eval-v1.2.0/ri1u1lpu,hng88,2024-01-21T19:23:08.000000,2024-01-21T20:37:12.000000,2024-01-22T15:00:00.000000,2024-01-24T04:58:41.123570,finished,NVIDIA A100-SXM4-40GB,4,1.2344444444444445,61.180807692307695,92.2,36.612057692307694,74.87
llm-jp-eval,llm-jp-eval-v1.2.0,iuob5zkz,llm-jp-eval/llm-jp-eval-v1.2.0/iuob5zkz,hng88,2024-01-21T15:09:08.000000,2024-01-21T19:21:01.000000,2024-01-22T15:00:00.000000,2024-01-24T04:58:41.123570,finished,NVIDIA A100-SXM4-40GB,4,4.198055555555555,79.35885773195876,97.4,54.403711340206186,76.47
llm-jp-eval,llm-jp-eval-v1.2.0,alvev2qx,llm-jp-eval/llm-jp-eval-v1.2.0/alvev2qx,hng88,2024-01-21T17:52:39.000000,2024-01-21T19:04:47.000000,2024-01-22T15:00:00.000000,2024-01-24T04:58:41.123570,finished,NVIDIA A100-SXM4-40GB,4,1.2022222222222223,80.21098571428571,95.2,52.01928571428572,76.0
llm-jp-eval,llm-jp-eval-v1.2.0,w4ssk6n0,llm-jp-eval/llm-jp-eval-v1.2.0/w4ssk6n0,hng88,2024-01-21T16:09:12.000000,2024-01-21T19:02:35.000000,2024-01-22T15:00:00.000000,2024-01-24T04:58:41.123570,finished,NVIDIA A100-SXM4-40GB,4,2.8897222222222223,76.53174251497006,95.27,47.22465269461079,76.53
llm-jp-eval,llm-jp-eval-v1.2.0,5ip3tbar,llm-jp-eval/llm-jp-eval-v1.2.0/5ip3tbar,hng88,2024-01-21T16:07:22.000000,2024-01-21T18:59:01.000000,2024-01-22T15:00:00.000000,2024-01-24T04:58:41.123570,finished,NVIDIA A100-SXM4-40GB,4,2.8608333333333333,81.62683987915409,95.2,51.80697280966768,76.4
llm-jp-eval,llm-jp-eval-v1.2.0,asy5huig,llm-jp-eval/llm-jp-eval-v1.2.0/asy5huig,hng88,2024-01-21T16:26:29.000000,2024-01-21T17:49:50.000000,2024-01-22T15:00:00.000000,2024-01-24T04:58:41.123570,finished,NVIDIA A100-SXM4-40GB,4,1.3891666666666669,80.79451851851852,92.0,51.91075308641976,76.53
llm-jp-eval,llm-jp-eval-v1.2.0,7966zwj4,llm-jp-eval/llm-jp-eval-v1.2.0/7966zwj4,hng88,2024-01-21T12:59:01.000000,2024-01-21T16:25:40.000000,2024-01-22T15:00:00.000000,2024-01-24T04:58:41.123570,finished,NVIDIA A100-SXM4-40GB,4,3.444166666666667,80.25136842105262,97.47,51.033679197994985,72.2
llm-jp-eval,llm-jp-eval-v1.2.0,6pt3lehy,llm-jp-eval/llm-jp-eval-v1.2.0/6pt3lehy,hng88,2024-01-21T13:44:56.000000,2024-01-21T16:08:42.000000,2024-01-22T15:00:00.000000,2024-01-24T04:58:41.123570,finished,NVIDIA A100-SXM4-40GB,4,2.396111111111112,76.51705035971224,97.4,46.07756115107914,72.6
llm-jp-eval,llm-jp-eval-v1.2.0,rpntand4,llm-jp-eval/llm-jp-eval-v1.2.0/rpntand4,hng88,2024-01-21T12:42:39.000000,2024-01-21T16:06:24.000000,2024-01-22T15:00:00.000000,2024-01-24T04:58:41.123570,finished,NVIDIA A100-SXM4-40GB,4,3.395833333333333,80.5382086513995,97.53,49.37949109414759,72.0
llm-jp-eval,llm-jp-eval-v1.2.0,6y7tu2we,llm-jp-eval/llm-jp-eval-v1.2.0/6y7tu2we,hng88,2024-01-21T11:32:07.000000,2024-01-21T15:06:21.000000,2024-01-22T15:00:00.000000,2024-01-24T04:58:41.123570,finished,NVIDIA A100-SXM4-40GB,4,3.5705555555555555,67.47415458937198,94.73,39.57288888888889,60.0
llm-jp-eval,llm-jp-eval-v1.2.0,7uabo9x0,llm-jp-eval/llm-jp-eval-v1.2.0/7uabo9x0,hng88,2024-01-21T12:55:16.000000,2024-01-21T13:44:03.000000,2024-01-21T15:00:00.000000,2024-01-24T05:02:21.608542,finished,NVIDIA A100-SXM4-40GB,4,0.8130555555555555,75.58128260869564,94.87,42.33969565217392,59.47
wandb-japan,llm-finetuning,164uv3h2,wandb-japan/llm-finetuning/164uv3h2,keisuke-kamata,2024-01-21T03:33:54.000000,2024-01-21T13:25:43.000000,2024-01-21T15:00:00.000000,2024-01-24T05:02:21.608542,finished,NVIDIA GeForce RTX 4090,1,9.863611111111112,98.03583333333331,99.0,74.34583333333333,79.07
llm-jp-eval,llm-jp-eval-v1.2.0,ht4lr2fs,llm-jp-eval/llm-jp-eval-v1.2.0/ht4lr2fs,hng88,2024-01-21T10:14:06.000000,2024-01-21T12:47:29.000000,2024-01-21T15:00:00.000000,2024-01-24T05:02:21.608542,finished,NVIDIA A100-SXM4-40GB,4,2.556388888888889,35.391194630872484,95.27,17.04748322147651,59.27
llm-jp-eval,llm-jp-eval-v1.2.0,pvb9yhoe,llm-jp-eval/llm-jp-eval-v1.2.0/pvb9yhoe,hng88,2024-01-21T07:57:41.000000,2024-01-21T11:29:04.000000,2024-01-21T15:00:00.000000,2024-01-24T05:02:21.608542,finished,NVIDIA A100-SXM4-40GB,4,3.523055555555556,53.60587347931873,95.27,30.74123114355231,59.27
llm-jp-eval,llm-jp-eval-v1.2.0,o3mysmoq,llm-jp-eval/llm-jp-eval-v1.2.0/o3mysmoq,hng88,2024-01-21T08:01:41.000000,2024-01-21T10:11:24.000000,2024-01-21T15:00:00.000000,2024-01-24T05:02:21.608542,finished,NVIDIA A100-SXM4-40GB,4,2.1619444444444444,48.67726984126984,92.07,25.46946825396825,55.47
llm-jp-eval,llm-jp-eval-v1.2.0,7y8tftq4,llm-jp-eval/llm-jp-eval-v1.2.0/7y8tftq4,hng88,2024-01-21T07:13:02.000000,2024-01-21T10:06:36.000000,2024-01-21T15:00:00.000000,2024-01-24T05:02:21.608542,finished,NVIDIA A100-SXM4-40GB,4,2.892777777777778,63.28109198813056,97.2,37.448296735905046,61.2
llm-jp-eval,llm-jp-eval-v1.2.0,4zddq5pw,llm-jp-eval/llm-jp-eval-v1.2.0/4zddq5pw,hng88,2024-01-21T04:32:07.000000,2024-01-21T08:01:08.000000,2024-01-21T15:00:00.000000,2024-01-24T05:02:21.608542,finished,NVIDIA A100-SXM4-40GB,4,3.483611111111111,74.68316748768474,96.87,42.26161576354679,61.2
llm-jp-eval,llm-jp-eval-v1.2.0,betgrsw2,llm-jp-eval/llm-jp-eval-v1.2.0/betgrsw2,hng88,2024-01-21T04:32:07.000000,2024-01-21T07:57:08.000000,2024-01-21T15:00:00.000000,2024-01-24T05:02:21.608542,finished,NVIDIA A100-SXM4-40GB,4,3.416944444444445,75.28734170854271,97.13,42.50606532663317,61.2
llm-jp-eval,llm-jp-eval-v1.2.0,hhj5mrme,llm-jp-eval/llm-jp-eval-v1.2.0/hhj5mrme,hng88,2024-01-21T06:00:11.000000,2024-01-21T07:52:37.000000,2024-01-21T15:00:00.000000,2024-01-24T05:02:21.608542,finished,NVIDIA A100-SXM4-40GB,4,1.873888888888889,67.14520183486239,97.13,35.332981651376144,61.33
llm-jp-eval,llm-jp-eval-v1.2.0,qvtwxifw,llm-jp-eval/llm-jp-eval-v1.2.0/qvtwxifw,hng88,2024-01-21T04:32:06.000000,2024-01-21T07:10:14.000000,2024-01-21T15:00:00.000000,2024-01-24T05:02:21.608542,finished,NVIDIA A100-SXM4-40GB,4,2.6355555555555554,67.25961563517916,96.93,35.11847557003257,60.8
llm-jp-eval,llm-jp-eval-v1.2.0,oytuoq3z,llm-jp-eval/llm-jp-eval-v1.2.0/oytuoq3z,hng88,2024-01-21T04:32:07.000000,2024-01-21T05:57:23.000000,2024-01-21T15:00:00.000000,2024-01-24T05:02:21.608542,finished,NVIDIA A100-SXM4-40GB,4,1.421111111111111,66.58419393939393,95.93,35.190230303030305,59.07
llm-jp-eval,llm-jp-eval-ANLP-scripts,17dsv6nn,llm-jp-eval/llm-jp-eval-ANLP-scripts/17dsv6nn,hng88,2024-01-21T01:20:17.000000,2024-01-21T04:29:39.000000,2024-01-21T15:00:00.000000,2024-01-24T05:02:21.608542,killed,NVIDIA A100-SXM4-40GB,4,3.156111111111111,35.24269209809264,91.07,28.20731335149864,76.13
llm-jp-eval,llm-jp-eval-ANLP-scripts,2qtb6ngg,llm-jp-eval/llm-jp-eval-ANLP-scripts/2qtb6ngg,hng88,2024-01-20T21:50:19.000000,2024-01-21T01:16:53.000000,2024-01-21T15:00:00.000000,2024-01-24T05:02:21.608542,finished,NVIDIA A100-SXM4-40GB,4,3.4427777777777777,39.196174563591015,96.93,22.939695760598507,60.0
llm-jp-eval,llm-jp-eval-ANLP-scripts,je5f6696,llm-jp-eval/llm-jp-eval-ANLP-scripts/je5f6696,hng88,2024-01-20T20:24:25.000000,2024-01-20T22:57:02.000000,2024-01-21T15:00:00.000000,2024-01-24T05:02:21.608542,finished,NVIDIA A100-SXM4-40GB,4,2.543611111111112,36.02164864864864,97.07,17.504966216216214,60.53
llm-jp-eval,llm-jp-eval-ANLP-scripts,7ubuuup9,llm-jp-eval/llm-jp-eval-ANLP-scripts/7ubuuup9,hng88,2024-01-20T18:20:04.000000,2024-01-20T21:47:17.000000,2024-01-21T15:00:00.000000,2024-01-24T05:02:21.608542,finished,NVIDIA A100-SXM4-40GB,4,3.453611111111111,54.725,96.93,31.457786069651743,60.67
llm-jp-eval,llm-jp-eval-ANLP-scripts,i0tcf8pm,llm-jp-eval/llm-jp-eval-ANLP-scripts/i0tcf8pm,hng88,2024-01-20T17:39:07.000000,2024-01-20T20:30:23.000000,2024-01-21T15:00:00.000000,2024-01-24T05:02:21.608542,finished,NVIDIA A100-SXM4-40GB,4,2.854444444444445,63.00587349397591,98.13,37.30343373493976,62.0
llm-jp-eval,llm-jp-eval-ANLP-scripts,eq8q33w5,llm-jp-eval/llm-jp-eval-ANLP-scripts/eq8q33w5,hng88,2024-01-20T18:16:15.000000,2024-01-20T20:21:04.000000,2024-01-21T15:00:00.000000,2024-01-24T05:02:21.608542,finished,NVIDIA A100-SXM4-40GB,4,2.080277777777778,50.01577685950413,93.47,26.30664462809917,56.6
llm-jp-eval,llm-jp-eval-ANLP-scripts,rs1t24xt,llm-jp-eval/llm-jp-eval-ANLP-scripts/rs1t24xt,hng88,2024-01-20T15:00:38.000000,2024-01-20T18:19:32.000000,2024-01-21T15:00:00.000000,2024-01-24T05:02:21.608542,finished,NVIDIA A100-SXM4-40GB,4,3.315,77.29496891191708,98.13,43.76995336787565,62.13
llm-jp-eval,llm-jp-eval-ANLP-scripts,wmkwx1by,llm-jp-eval/llm-jp-eval-ANLP-scripts/wmkwx1by,hng88,2024-01-20T15:00:19.000000,2024-01-20T18:15:38.000000,2024-01-21T15:00:00.000000,2024-01-24T05:02:21.608542,finished,NVIDIA A100-SXM4-40GB,4,3.2552777777777777,77.91185224274408,98.13,44.16211081794195,62.0
llm-jp-eval,llm-jp-eval-ANLP-scripts,39f0bf5e,llm-jp-eval/llm-jp-eval-ANLP-scripts/39f0bf5e,hng88,2024-01-20T16:21:24.000000,2024-01-20T18:09:19.000000,2024-01-21T15:00:00.000000,2024-01-24T05:02:21.608542,finished,NVIDIA A100-SXM4-40GB,4,1.7986111111111112,68.7312057416268,98.13,36.0608038277512,62.2
wandb-japan,llm-finetuning,1wfawrlo,wandb-japan/llm-finetuning/1wfawrlo,keisuke-kamata,2024-01-20T17:36:00.000000,2024-01-20T17:50:39.000000,2024-01-21T15:00:00.000000,2024-01-24T05:02:21.608542,finished,NVIDIA GeForce RTX 4090,1,0.2441666666666666,95.4044827586207,99.07,66.60137931034481,71.6
llm-jp-eval,llm-jp-eval-ANLP-scripts,eb3l88mr,llm-jp-eval/llm-jp-eval-ANLP-scripts/eb3l88mr,hng88,2024-01-20T14:57:54.000000,2024-01-20T17:36:05.000000,2024-01-21T15:00:00.000000,2024-01-24T05:02:21.608542,finished,NVIDIA A100-SXM4-40GB,4,2.636388888888889,68.89923778501628,98.0,36.13397394136808,62.0
wandb-japan,llm-finetuning,mpxvg6nn,wandb-japan/llm-finetuning/mpxvg6nn,keisuke-kamata,2024-01-20T17:23:21.000000,2024-01-20T17:25:37.000000,2024-01-21T15:00:00.000000,2024-01-24T05:02:21.608542,finished,NVIDIA GeForce RTX 4090,1,0.0377777777777777,66.515,99.0,44.7175,68.8
wandb-japan,llm-finetuning,p42e6j0j,wandb-japan/llm-finetuning/p42e6j0j,keisuke-kamata,2024-01-20T16:24:17.000000,2024-01-20T16:38:41.000000,2024-01-21T15:00:00.000000,2024-01-24T05:02:21.608542,finished,NVIDIA GeForce RTX 4090,1,0.24,93.7192857142857,99.07,64.68571428571428,70.4
wandb-japan,llm-finetuning,82159s1y,wandb-japan/llm-finetuning/82159s1y,keisuke-kamata,2024-01-20T16:21:22.000000,2024-01-20T16:21:33.000000,2024-01-21T15:00:00.000000,2024-01-24T05:02:21.608542,finished,NVIDIA GeForce RTX 4090,1,0.0030555555555555,,,,
llm-jp-eval,llm-jp-eval-ANLP-scripts,td0htqlr,llm-jp-eval/llm-jp-eval-ANLP-scripts/td0htqlr,hng88,2024-01-20T14:57:50.000000,2024-01-20T16:19:16.000000,2024-01-21T15:00:00.000000,2024-01-24T05:02:21.608542,finished,NVIDIA A100-SXM4-40GB,4,1.3572222222222223,68.6527594936709,97.53,36.35132911392405,60.33
wandb-japan,llm-finetuning,j9ygik3t,wandb-japan/llm-finetuning/j9ygik3t,keisuke-kamata,2024-01-20T15:40:33.000000,2024-01-20T15:59:30.000000,2024-01-21T15:00:00.000000,2024-01-24T05:02:21.608542,finished,NVIDIA GeForce RTX 4090,1,0.3158333333333333,93.77297297297298,98.93,70.4391891891892,77.13
wandb-japan,llm-finetuning,dep6dupa,wandb-japan/llm-finetuning/dep6dupa,keisuke-kamata,2024-01-20T06:30:25.000000,2024-01-20T06:30:30.000000,2024-01-20T15:00:00.000000,2024-01-24T05:06:53.895664,finished,NVIDIA GeForce RTX 4090,1,0.0013888888888888,,,,
wandb-japan,llm-finetuning,1lwnao5i,wandb-japan/llm-finetuning/1lwnao5i,keisuke-kamata,2024-01-20T06:30:01.000000,2024-01-20T06:30:14.000000,2024-01-20T15:00:00.000000,2024-01-24T05:06:53.895664,finished,NVIDIA GeForce RTX 4090,1,0.0036111111111111,,,,
wandb-japan,llm-finetuning,129m9w4k,wandb-japan/llm-finetuning/129m9w4k,keisuke-kamata,2024-01-20T06:29:50.000000,2024-01-20T06:29:54.000000,2024-01-20T15:00:00.000000,2024-01-24T05:06:53.895664,finished,NVIDIA GeForce RTX 4090,1,0.0011111111111111,,,,
wandb-japan,llm-leaderboard,lrionj88,wandb-japan/llm-leaderboard/lrionj88,yuya-yamamoto,2024-01-20T05:12:39.000000,2024-01-20T05:12:39.000000,2024-01-20T15:00:00.000000,2024-01-24T05:06:53.895664,finished,NVIDIA GeForce RTX 4090,1,0.0,,,,
wandb-japan,llm-leaderboard,70zfbjh6,wandb-japan/llm-leaderboard/70zfbjh6,yuya-yamamoto,2024-01-20T04:39:03.000000,2024-01-20T04:57:24.000000,2024-01-20T15:00:00.000000,2024-01-24T05:06:53.895664,finished,NVIDIA GeForce RTX 4090,1,0.3058333333333333,51.07361111111111,99.0,48.22111111111112,96.27
wandb-japan,llm-finetuning-handson,b9syhywk,wandb-japan/llm-finetuning-handson/b9syhywk,keisuke-kamata,2024-01-20T02:01:43.000000,2024-01-20T02:02:07.000000,2024-01-20T15:00:00.000000,2024-01-24T05:06:53.895664,finished,NVIDIA GeForce RTX 4090,1,0.0066666666666666,,,,
wandb-japan,llm-finetuning-handson,etacutkm,wandb-japan/llm-finetuning-handson/etacutkm,keisuke-kamata,2024-01-20T02:01:15.000000,2024-01-20T02:01:30.000000,2024-01-20T15:00:00.000000,2024-01-24T05:06:53.895664,finished,NVIDIA GeForce RTX 4090,1,0.0041666666666666,,,,
wandb-japan,llm-finetuning-handson,58iphw65,wandb-japan/llm-finetuning-handson/58iphw65,keisuke-kamata,2024-01-20T02:00:58.000000,2024-01-20T02:01:06.000000,2024-01-20T15:00:00.000000,2024-01-24T05:06:53.895664,finished,NVIDIA GeForce RTX 4090,1,0.0022222222222222,,,,
wandb-japan,llm-finetuning-handson,fqju9904,wandb-japan/llm-finetuning-handson/fqju9904,keisuke-kamata,2024-01-20T01:59:55.000000,2024-01-20T01:59:55.000000,2024-01-20T15:00:00.000000,2024-01-24T05:06:53.895664,failed,NVIDIA GeForce RTX 4090,1,0.0,,,,
wandb-japan,llm-finetuning-handson,0jl4tcgo,wandb-japan/llm-finetuning-handson/0jl4tcgo,keisuke-kamata,2024-01-20T01:41:06.000000,2024-01-20T01:41:10.000000,2024-01-20T15:00:00.000000,2024-01-24T05:06:53.895664,finished,NVIDIA GeForce RTX 4090,1,0.0011111111111111,,,,
wandb-japan,llm-finetuning-handson,5t290znu,wandb-japan/llm-finetuning-handson/5t290znu,keisuke-kamata,2024-01-20T01:40:43.000000,2024-01-20T01:40:48.000000,2024-01-20T15:00:00.000000,2024-01-24T05:06:53.895664,finished,NVIDIA GeForce RTX 4090,1,0.0013888888888888,,,,
wandb-japan,llm-finetuning-handson,vrd393s9,wandb-japan/llm-finetuning-handson/vrd393s9,keisuke-kamata,2024-01-20T01:26:00.000000,2024-01-20T01:26:04.000000,2024-01-20T15:00:00.000000,2024-01-24T05:06:53.895664,finished,NVIDIA GeForce RTX 4090,1,0.0011111111111111,,,,
wandb-japan,llm-finetuning,2h8w570o,wandb-japan/llm-finetuning/2h8w570o,keisuke-kamata,2024-01-20T01:21:23.000000,2024-01-20T01:22:14.000000,2024-01-20T15:00:00.000000,2024-01-24T05:06:53.895664,finished,NVIDIA GeForce RTX 4090,1,0.0141666666666666,0.0,0.0,0.0,0.0
wandb-japan,pepmlm,wi2vw0co,wandb-japan/pepmlm/wi2vw0co,keisuke-kamata,2024-01-20T01:09:33.000000,2024-01-20T01:18:13.000000,2024-01-20T15:00:00.000000,2024-01-24T05:06:53.895664,finished,NVIDIA A100-PCIE-40GB,1,0.1444444444444444,54.12117647058824,98.6,13.157058823529413,24.87
wandb-japan,llm-leaderboard,ox6vub15,wandb-japan/llm-leaderboard/ox6vub15,yuya-yamamoto,2024-01-19T18:59:29.000000,2024-01-19T21:14:52.000000,2024-01-20T15:00:00.000000,2024-01-24T05:06:53.895664,finished,NVIDIA GeForce RTX 4090,1,2.256388888888889,72.19568265682656,99.0,8.91118081180812,96.53
wandb-japan,llm-leaderboard,btlaprcd,wandb-japan/llm-leaderboard/btlaprcd,yuya-yamamoto,2024-01-19T18:49:54.000000,2024-01-19T18:57:58.000000,2024-01-20T15:00:00.000000,2024-01-24T05:06:53.895664,finished,NVIDIA GeForce RTX 4090,1,0.1344444444444444,46.070625,99.0,44.595625,96.6
wandb-japan,llm-leaderboard,r3ctftyk,wandb-japan/llm-leaderboard/r3ctftyk,yuya-yamamoto,2024-01-19T16:41:50.000000,2024-01-19T16:41:50.000000,2024-01-20T15:00:00.000000,2024-01-24T05:06:53.895664,finished,NVIDIA GeForce RTX 4090,1,0.0,,,,
wandb-japan,llm-leaderboard,u7l11vql,wandb-japan/llm-leaderboard/u7l11vql,yuya-yamamoto,2024-01-19T16:22:31.000000,2024-01-19T16:38:58.000000,2024-01-20T15:00:00.000000,2024-01-24T05:06:53.895664,finished,NVIDIA GeForce RTX 4090,1,0.2741666666666666,57.16151515151515,99.0,27.93515151515152,71.0
wandb-japan,llm-leaderboard,igxi8t6w,wandb-japan/llm-leaderboard/igxi8t6w,yuya-yamamoto,2024-01-19T14:57:11.000000,2024-01-19T15:05:54.000000,2024-01-20T15:00:00.000000,2024-01-24T05:06:53.895664,finished,NVIDIA GeForce RTX 4090,1,0.1452777777777777,43.16882352941177,99.0,41.64705882352941,96.6
wandb-japan,llm-leaderboard,s0pdm6y5,wandb-japan/llm-leaderboard/s0pdm6y5,yuya-yamamoto,2024-01-19T13:48:09.000000,2024-01-19T13:48:09.000000,2024-01-19T15:00:00.000000,2024-01-24T05:13:52.504998,finished,NVIDIA GeForce RTX 4090,1,0.0,0.0,0.0,0.0,0.0
wandb-japan,llm-leaderboard,08wsgvpb,wandb-japan/llm-leaderboard/08wsgvpb,yuya-yamamoto,2024-01-19T09:06:14.000000,2024-01-19T09:14:09.000000,2024-01-19T15:00:00.000000,2024-01-24T05:13:52.504998,failed,NVIDIA GeForce RTX 4090,1,0.1319444444444444,48.324000000000005,79.33,46.22666666666667,75.8
wandb-japan,pepmlm,cn37yeew,wandb-japan/pepmlm/cn37yeew,keisuke-kamata,2024-01-19T01:37:08.000000,2024-01-19T01:38:09.000000,2024-01-19T15:00:00.000000,2024-01-24T05:13:52.504998,finished,NVIDIA GeForce RTX 4090,1,0.0169444444444444,0.27,0.27,0.0,0.0
wandb-japan,pepmlm,3n0k3it4,wandb-japan/pepmlm/3n0k3it4,keisuke-kamata,2024-01-18T10:20:34.000000,2024-01-18T10:21:33.000000,2024-01-18T15:00:00.000000,2024-01-24T05:22:40.054005,finished,NVIDIA GeForce RTX 4090,1,0.0163888888888888,0.0,0.0,0.0,0.0
wandb-japan,pepmlm,o4rm1l33,wandb-japan/pepmlm/o4rm1l33,keisuke-kamata,2024-01-18T10:11:56.000000,2024-01-18T10:13:02.000000,2024-01-18T15:00:00.000000,2024-01-24T05:22:40.054005,finished,NVIDIA GeForce RTX 4090,1,0.0183333333333333,0.0,0.0,0.0,0.0
wandb-japan,pepmlm,fvcfeh1g,wandb-japan/pepmlm/fvcfeh1g,keisuke-kamata,2024-01-18T09:58:48.000000,2024-01-18T10:05:38.000000,2024-01-18T15:00:00.000000,2024-01-24T05:22:40.054005,finished,NVIDIA GeForce RTX 4090,1,0.1138888888888888,0.0,0.0,0.0,0.0
llm-jp-eval,add_MMLU,hhwp69jx,llm-jp-eval/add_MMLU/hhwp69jx,t-ibi,2024-01-18T07:43:45.000000,2024-01-18T07:45:05.000000,2024-01-18T15:00:00.000000,2024-01-24T05:22:40.054005,finished,Tesla T4,1,0.0222222222222222,0.0,0.0,0.0,0.0
llm-jp-eval,add_MMLU,3a9s0yke,llm-jp-eval/add_MMLU/3a9s0yke,t-ibi,2024-01-18T07:41:17.000000,2024-01-18T07:41:17.000000,2024-01-18T15:00:00.000000,2024-01-24T05:22:40.054005,failed,Tesla T4,1,0.0,,,,
llm-jp-eval,add_MMLU,e8baoij1,llm-jp-eval/add_MMLU/e8baoij1,t-ibi,2024-01-18T07:39:31.000000,2024-01-18T07:39:31.000000,2024-01-18T15:00:00.000000,2024-01-24T05:22:40.054005,failed,Tesla T4,1,0.0,,,,
llm-jp-eval,add_MMLU,i96empce,llm-jp-eval/add_MMLU/i96empce,t-ibi,2024-01-18T07:13:15.000000,2024-01-18T07:13:25.000000,2024-01-18T15:00:00.000000,2024-01-24T05:22:40.054005,finished,Tesla T4,1,0.0027777777777777,,,,
llm-jp-eval,add_MMLU,r05aaj3d,llm-jp-eval/add_MMLU/r05aaj3d,t-ibi,2024-01-18T06:50:19.000000,2024-01-18T07:03:13.000000,2024-01-18T15:00:00.000000,2024-01-24T05:22:40.054005,finished,Tesla T4,1,0.215,71.24,81.13,18.7312,24.47
wandb-japan,pepmlm,mqnxtj6s,wandb-japan/pepmlm/mqnxtj6s,keisuke-kamata,2024-01-18T03:42:20.000000,2024-01-18T04:04:16.000000,2024-01-18T15:00:00.000000,2024-01-24T05:22:40.054005,finished,NVIDIA GeForce RTX 4090,1,0.3655555555555556,6.289861111111112,88.8,3.8009722222222218,54.33
wandb-japan,Cracks_ViT,1cmbjxm2,wandb-japan/Cracks_ViT/1cmbjxm2,yuya-yamamoto,2024-01-18T01:34:48.000000,2024-01-18T02:24:19.000000,2024-01-18T15:00:00.000000,2024-01-24T05:22:40.054005,crashed,Tesla P100-PCIE-16GB,1,0.8252777777777778,53.280200000000015,65.47,17.3936,21.73
wandb-japan,pepmlm,9ef6jafp,wandb-japan/pepmlm/9ef6jafp,keisuke-kamata,2024-01-16T07:58:47.000000,2024-01-16T07:59:16.000000,2024-01-16T15:00:00.000000,2024-01-24T05:34:46.142421,finished,NVIDIA GeForce RTX 4090,1,0.0080555555555555,,,,
wandb-japan,pepmlm,4xrpjde9,wandb-japan/pepmlm/4xrpjde9,keisuke-kamata,2024-01-16T06:38:06.000000,2024-01-16T06:57:05.000000,2024-01-16T15:00:00.000000,2024-01-24T05:34:46.142421,finished,NVIDIA GeForce RTX 4090,1,0.3163888888888889,11.892162162162162,91.07,7.151351351351352,62.13
wandb-japan,pepmlm,odfc84nl,wandb-japan/pepmlm/odfc84nl,keisuke-kamata,2024-01-16T04:46:03.000000,2024-01-16T04:46:31.000000,2024-01-16T15:00:00.000000,2024-01-24T05:34:46.142421,finished,NVIDIA GeForce RTX 4090,1,0.0077777777777777,,,,
wandb-japan,pepmlm,7a9xopii,wandb-japan/pepmlm/7a9xopii,keisuke-kamata,2024-01-16T04:43:03.000000,2024-01-16T04:43:04.000000,2024-01-16T15:00:00.000000,2024-01-24T05:34:46.142421,finished,NVIDIA GeForce RTX 4090,1,0.0002777777777777,,,,
wandb-japan,pepmlm,9jw0w3b7,wandb-japan/pepmlm/9jw0w3b7,keisuke-kamata,2024-01-16T04:38:04.000000,2024-01-16T04:38:05.000000,2024-01-16T15:00:00.000000,2024-01-24T05:34:46.142421,finished,NVIDIA GeForce RTX 4090,1,0.0002777777777777,,,,
wandb-japan,llm-leaderboard,y507eug8,wandb-japan/llm-leaderboard/y507eug8,keisuke-kamata,2024-01-15T13:07:38.000000,2024-01-15T13:07:46.000000,2024-01-15T15:00:00.000000,2024-01-24T05:38:52.167967,failed,NVIDIA GeForce RTX 4090,1,0.0022222222222222,,,,
wandb-japan,llm-leaderboard,x2oi12i9,wandb-japan/llm-leaderboard/x2oi12i9,keisuke-kamata,2024-01-15T13:00:26.000000,2024-01-15T13:02:49.000000,2024-01-15T15:00:00.000000,2024-01-24T05:38:52.167967,failed,NVIDIA GeForce RTX 4090,1,0.0397222222222222,0.0,0.0,0.0,0.0
wandb-japan,llm-leaderboard,azea3ulw,wandb-japan/llm-leaderboard/azea3ulw,keisuke-kamata,2024-01-15T00:52:44.000000,2024-01-15T00:52:45.000000,2024-01-15T15:00:00.000000,2024-01-24T05:38:52.167967,finished,NVIDIA GeForce RTX 4090,1,0.0002777777777777,0.0,0.0,0.0,0.0
wandb-japan,llm-leaderboard,8iqbwf00,wandb-japan/llm-leaderboard/8iqbwf00,yuya-yamamoto,2024-01-14T09:50:17.000000,2024-01-14T18:34:52.000000,2024-01-15T15:00:00.000000,2024-01-24T05:38:52.167967,finished,NVIDIA RTX A6000,8,8.743055555555555,11.083021868787275,24.27,12.53864065606362,23.6
wandb-japan,llm-leaderboard,atyb7imk,wandb-japan/llm-leaderboard/atyb7imk,yuya-yamamoto,2024-01-14T08:38:36.000000,2024-01-14T09:40:16.000000,2024-01-14T15:00:00.000000,2024-01-24T05:41:04.930846,finished,NVIDIA RTX A6000,8,1.0277777777777777,11.01186475409836,37.73,12.250860655737704,23.2
wandb-japan,llm-leaderboard,xwmmpnly,wandb-japan/llm-leaderboard/xwmmpnly,t-ibi,2024-01-11T10:32:00.000000,2024-01-12T14:30:07.000000,2024-01-12T15:00:00.000000,2024-01-24T06:45:48.160579,finished,NVIDIA GeForce RTX 4090,2,27.96861111111111,16.32015625,51.2,2.488947916666667,51.13
wandb-japan,llm-leaderboard,guq8gj99,wandb-japan/llm-leaderboard/guq8gj99,yuya-yamamoto,2024-01-11T18:03:00.000000,2024-01-11T23:04:38.000000,2024-01-12T15:00:00.000000,2024-01-24T06:45:48.160579,finished,NVIDIA GeForce RTX 4090,1,5.027222222222222,0.0,0.0,0.0,0.0
wandb-japan,llm-leaderboard,mwoe2r6t,wandb-japan/llm-leaderboard/mwoe2r6t,yuya-yamamoto,2024-01-11T17:39:07.000000,2024-01-11T18:01:44.000000,2024-01-12T15:00:00.000000,2024-01-24T06:45:48.160579,finished,NVIDIA GeForce RTX 4090,1,0.3769444444444444,0.0,0.0,0.0,0.0
wandb-japan,llm-leaderboard,qvduuus0,wandb-japan/llm-leaderboard/qvduuus0,yuya-yamamoto,2024-01-10T15:17:03.000000,2024-01-10T15:27:40.000000,2024-01-11T15:00:00.000000,2024-01-24T07:16:26.257620,finished,NVIDIA TITAN RTX,1,0.1769444444444444,0.0,0.0,0.0,0.0
wandb-japan,llm-leaderboard,snxvh7wn,wandb-japan/llm-leaderboard/snxvh7wn,yuya-yamamoto,2024-01-10T14:25:42.000000,2024-01-10T14:44:30.000000,2024-01-10T15:00:00.000000,2024-01-24T07:13:23.446150,finished,NVIDIA TITAN RTX,1,0.3133333333333333,37.58918918918919,98.13,34.73,98.4
wandb-japan,llm-leaderboard,5nj0g527,wandb-japan/llm-leaderboard/5nj0g527,yuya-yamamoto,2024-01-10T10:07:11.000000,2024-01-10T12:40:06.000000,2024-01-10T15:00:00.000000,2024-01-24T07:13:23.446150,finished,NVIDIA GeForce RTX 4090,1,2.548611111111111,34.362105263157886,96.53,32.72171052631579,87.67
wandb-japan,llm-leaderboard,8dndhigz,wandb-japan/llm-leaderboard/8dndhigz,yuya-yamamoto,2024-01-10T09:00:18.000000,2024-01-10T09:45:51.000000,2024-01-10T15:00:00.000000,2024-01-24T07:13:23.446150,finished,NVIDIA GeForce RTX 4090,1,0.7591666666666667,9.413,88.4,8.822999999999999,86.07
wandb-japan,llm-leaderboard,5ac8ht98,wandb-japan/llm-leaderboard/5ac8ht98,yuya-yamamoto,2024-01-10T04:14:35.000000,2024-01-10T05:51:10.000000,2024-01-10T15:00:00.000000,2024-01-24T07:13:23.446150,finished,NVIDIA GeForce RTX 4090,1,1.609722222222222,23.423141361256544,97.67,21.83125654450262,91.87
llm-jp-eval,llm-jp-eval-ANLP-scripts,s2dipkov,llm-jp-eval/llm-jp-eval-ANLP-scripts/s2dipkov,hng88,2024-01-08T10:42:53.000000,2024-01-08T12:09:58.000000,2024-01-08T15:00:00.000000,2024-01-24T07:21:31.184311,finished,NVIDIA A100-SXM4-40GB,4,1.4513888888888888,19.69069822485207,53.27,9.00385798816568,24.47
llm-jp-eval,llm-jp-eval-ANLP,dehs7b37,llm-jp-eval/llm-jp-eval-ANLP/dehs7b37,hng88,2024-01-08T04:34:16.000000,2024-01-08T09:19:41.000000,2024-01-08T15:00:00.000000,2024-01-24T07:21:31.184311,finished,NVIDIA A100-SXM4-40GB,4,4.756944444444445,51.392,95.73,31.21979609544469,60.07
llm-jp-eval,llm-jp-eval-ANLP,clo06pki,llm-jp-eval/llm-jp-eval-ANLP/clo06pki,hng88,2024-01-08T04:35:08.000000,2024-01-08T08:54:00.000000,2024-01-08T15:00:00.000000,2024-01-24T07:21:31.184311,finished,NVIDIA A100-SXM4-40GB,4,4.314444444444445,53.26894196428571,96.6,32.24412053571429,60.2
llm-jp-eval,llm-jp-eval-ANLP,i7stmqj2,llm-jp-eval/llm-jp-eval-ANLP/i7stmqj2,hng88,2024-01-07T14:07:18.000000,2024-01-07T19:50:14.000000,2024-01-08T15:00:00.000000,2024-01-24T07:21:31.184311,finished,NVIDIA A100-SXM4-40GB,4,5.715555555555556,39.61432911392405,90.67,30.16897046413502,76.0
llm-jp-eval,llm-jp-eval-ANLP,mpgjymhn,llm-jp-eval/llm-jp-eval-ANLP/mpgjymhn,hng88,2024-01-07T13:52:00.000000,2024-01-07T17:20:21.000000,2024-01-08T15:00:00.000000,2024-01-24T07:21:31.184311,finished,NVIDIA A100-SXM4-40GB,4,3.4725,34.88464265927978,89.93,20.039939058171743,76.07
llm-jp-eval,llm-jp-eval-ANLP,qri11wlv,llm-jp-eval/llm-jp-eval-ANLP/qri11wlv,hng88,2024-01-07T09:30:29.000000,2024-01-07T14:06:46.000000,2024-01-07T15:00:00.000000,2024-01-24T07:32:47.505445,finished,NVIDIA A100-SXM4-40GB,4,4.604722222222223,51.19842323651452,97.07,30.163618257261408,59.93
llm-jp-eval,llm-jp-eval-ANLP,z0fi9oni,llm-jp-eval/llm-jp-eval-ANLP/z0fi9oni,hng88,2024-01-07T11:17:42.000000,2024-01-07T13:49:05.000000,2024-01-07T15:00:00.000000,2024-01-24T07:32:47.505445,finished,NVIDIA A100-SXM4-40GB,4,2.523055555555556,40.99747794117647,97.2,20.49097794117647,59.8
llm-jp-eval,llm-jp-eval-ANLP,fblb5p74,llm-jp-eval/llm-jp-eval-ANLP/fblb5p74,hng88,2024-01-07T08:27:30.000000,2024-01-07T12:27:45.000000,2024-01-07T15:00:00.000000,2024-01-24T07:32:47.505445,finished,NVIDIA A100-SXM4-40GB,4,4.004166666666666,57.985807017543856,97.73,35.20217543859649,61.47
llm-jp-eval,llm-jp-eval-ANLP,rwdlokh4,llm-jp-eval/llm-jp-eval-ANLP/rwdlokh4,hng88,2024-01-07T06:58:23.000000,2024-01-07T09:35:07.000000,2024-01-07T15:00:00.000000,2024-01-24T07:32:47.505445,finished,NVIDIA A100-SXM4-40GB,4,2.612222222222222,65.42153177257525,98.13,34.354541806020066,62.07
llm-jp-eval,llm-jp-eval-ANLP,nlsq0sks,llm-jp-eval/llm-jp-eval-ANLP/nlsq0sks,hng88,2024-01-07T04:57:15.000000,2024-01-07T09:29:57.000000,2024-01-07T15:00:00.000000,2024-01-24T07:32:47.505445,finished,NVIDIA A100-SXM4-40GB,4,4.545,75.6675864978903,98.13,42.6653670886076,62.0
llm-jp-eval,llm-jp-eval-ANLP,vfjb78wk,llm-jp-eval/llm-jp-eval-ANLP/vfjb78wk,hng88,2024-01-07T04:53:28.000000,2024-01-07T09:12:05.000000,2024-01-07T15:00:00.000000,2024-01-24T07:32:47.505445,finished,NVIDIA A100-SXM4-40GB,4,4.310277777777778,76.26134161490684,98.13,43.048115942028986,62.0
llm-jp-eval,llm-jp-eval-ANLP,0lhtixar,llm-jp-eval/llm-jp-eval-ANLP/0lhtixar,hng88,2024-01-07T04:53:28.000000,2024-01-07T08:24:40.000000,2024-01-07T15:00:00.000000,2024-01-24T07:32:47.505445,finished,NVIDIA A100-SXM4-40GB,4,3.52,68.25861613691931,98.13,35.801002444987766,62.07
llm-jp-eval,llm-jp-eval-ANLP,t37ajozv,llm-jp-eval/llm-jp-eval-ANLP/t37ajozv,hng88,2024-01-07T04:56:52.000000,2024-01-07T06:56:18.000000,2024-01-07T15:00:00.000000,2024-01-24T07:32:47.505445,finished,NVIDIA A100-SXM4-40GB,4,1.990555555555556,66.41079310344828,97.13,35.14572413793104,60.73
llm-jp-eval,ja-vicuna-qa-benchmark-dev-2.0.2,0pjzzfoq,llm-jp-eval/ja-vicuna-qa-benchmark-dev-2.0.2/0pjzzfoq,hkiyomaru,2024-01-07T06:11:43.000000,2024-01-07T06:11:43.000000,2024-01-07T15:00:00.000000,2024-01-24T07:32:47.505445,finished,NVIDIA A100-SXM4-40GB,4,0.0,,,,
llm-jp-eval,ja-vicuna-qa-benchmark-dev-2.0.2,27ru9x25,llm-jp-eval/ja-vicuna-qa-benchmark-dev-2.0.2/27ru9x25,hkiyomaru,2024-01-07T06:11:32.000000,2024-01-07T06:11:32.000000,2024-01-07T15:00:00.000000,2024-01-24T07:32:47.505445,finished,NVIDIA A100-SXM4-40GB,4,0.0,,,,
llm-jp-eval,ja-vicuna-qa-benchmark-dev-2.0.2,cu793m6j,llm-jp-eval/ja-vicuna-qa-benchmark-dev-2.0.2/cu793m6j,hkiyomaru,2024-01-07T06:11:18.000000,2024-01-07T06:11:18.000000,2024-01-07T15:00:00.000000,2024-01-24T07:32:47.505445,finished,NVIDIA A100-SXM4-40GB,4,0.0,,,,
llm-jp-eval,ja-vicuna-qa-benchmark-dev-2.0.2,n50s6jdc,llm-jp-eval/ja-vicuna-qa-benchmark-dev-2.0.2/n50s6jdc,hkiyomaru,2024-01-07T06:11:05.000000,2024-01-07T06:11:06.000000,2024-01-07T15:00:00.000000,2024-01-24T07:32:47.505445,finished,NVIDIA A100-SXM4-40GB,4,0.0002777777777777,,,,
llm-jp-eval,llm-jp-eval-ANLP,5aomdi4o,llm-jp-eval/llm-jp-eval-ANLP/5aomdi4o,hng88,2024-01-06T20:28:41.000000,2024-01-07T04:47:30.000000,2024-01-07T15:00:00.000000,2024-01-24T07:32:47.505445,finished,NVIDIA A100-SXM4-40GB,4,8.313611111111111,23.30638947368421,34.0,14.17598947368421,20.4
llm-jp-eval,llm-jp-eval-ANLP,jin9ofpc,llm-jp-eval/llm-jp-eval-ANLP/jin9ofpc,hng88,2024-01-06T14:20:47.000000,2024-01-06T20:26:02.000000,2024-01-07T15:00:00.000000,2024-01-24T07:32:47.505445,finished,NVIDIA A100-SXM4-40GB,4,6.0875,20.2130993852459,33.4,10.270609631147538,16.33
